Nom,Prénom,E-mail,Téléphone,Session,Tarif,Adresse,Code postal,Ville,Paiement
Martin,David,test-1@example.com,0646913810,Mercredi 11 mars 14h-18h,Standard - 5€,87 Rue du Parc,31300,Toulouse,Payé
Michel,Thomas,test-2@example.com,0614265799,Mercredi 11 mars 9h30-11h30,Standard - 5€,65 Rue des Lilas,31500,Toulouse,Payé
Petit,Stephane,test-3@example.com,0697226012,Vendredi 13 mars 9h30-12h,Standard - 5€,58 Rue de la Gare,31500,Toulouse,Payé
Richard,Alice,test-4@example.com,0666722344,Mercredi 11 mars 20h-22h,Standard - 5€,98 Rue Victor Hugo,31500,Toulouse,Payé
Dubois,David,test-5@example.com,0660992979,Mercredi 11 mars 9h30-11h30,Standard - 5€,78 Rue de la Gare,31770,Colomiers,Payé
Garcia,Bob,test-6@example.com,0681971316,Mercredi 11 mars 9h30-11h30,Liste 2000 - 5€,11 Rue de la Gare,31170,Tournefeuille,Payé
Laurent,Valerie,test-7@example.com,0687490893,Mercredi 11 mars 14h-18h,Liste 1000 - 1€,85 Rue du Moulin,31830,Plaisance du Touch,Payé
Dubois,Julien,test-8@example.com,0641244663,Mercredi 11 mars 9h30-11h30,Standard - 5€,82 Rue Victor Hugo,31600,Muret,Payé
Laurent,Francois,test-9@example.com,0657683626,Mercredi 11 mars 14h-18h,Standard - 5€,78 Rue des Roses,31300,Toulouse,Payé
Durand,Stephane,test-10@example.com,0631931511,Jeudi 12 mars 9h30-12h,Standard - 5€,88 Rue Victor Hugo,31500,Toulouse,Payé
Durand,Bob,test-11@example.com,0614308421,Mercredi 11 mars 20h-22h,Standard - 5€,28 Rue Victor Hugo,31300,Toulouse,Payé
David,Gabrielle,test-12@example.com,0663100814,Vendredi 13 mars 9h30-12h,Standard - 5€,18 Rue du Moulin,31100,Toulouse,Payé
Roux,Stephane,test-13@example.com,0645264581,Vendredi 13 mars 9h30-12h,Standard - 5€,47 Rue du Moulin,31170,Tournefeuille,Payé
Bertrand,Emma,test-14@example.com,0676238574,Mercredi 11 mars 9h30-11h30,Liste 1000 - 1€,20 Rue des Roses,31300,Toulouse,Payé
Fournier,Nicolas,test-15@example.com,0618526544,Jeudi 12 mars 9h30-12h,Standard - 5€,68 Rue de la Gare,31600,Muret,Payé
Martin,Stephane,test-16@example.com,0625374874,Vendredi 13 mars 9h30-12h,Liste 1000 - 1€,99 Rue Victor Hugo,31100,Toulouse,Payé
Moreau,David,test-17@example.com,0668353204,Mercredi 11 mars 14h-18h,Standard - 5€,65 Rue des Roses,31100,Toulouse,Payé
Thomas,Rachel,test-18@example.com,0693926371,Mercredi 11 mars 20h-22h,Liste 1000 - 1€,20 Rue Victor Hugo,31500,Toulouse,Payé
Roux,Francois,test-19@example.com,0681182864,Mercredi 11 mars 9h30-11h30,Standard - 5€,3 Rue du Parc,31600,Muret,Payé
Moreau,Louis,test-20@example.com,0642138745,Mercredi 11 mars 9h30-11h30,Standard - 5€,11 Rue Pasteur,31300,Toulouse,Payé
Roux,Claire,test-21@example.com,0626879290,Mercredi 11 mars 14h-18h,Standard - 5€,34 Rue Jean Jaures,31400,Toulouse,Payé
Roux,Gabrielle,test-22@example.com,0636998038,Vendredi 13 mars 9h30-12h,Standard - 5€,57 Rue Pasteur,31770,Colomiers,Payé
Durand,David,test-23@example.com,0640158366,Mercredi 11 mars 9h30-11h30,Standard - 5€,76 Rue du Moulin,31500,Toulouse,Payé
Dubois,Alice,test-24@example.com,0694705205,Mercredi 11 mars 9h30-11h30,Standard - 5€,43 Rue du Parc,31830,Plaisance du Touch,Payé
Durand,Rachel,test-25@example.com,0647376585,Vendredi 13 mars 9h30-12h,Standard - 5€,93 Rue Pasteur,31400,Toulouse,Payé
David,Hugo,test-26@example.com,0664634663,Mercredi 11 mars 14h-18h,Standard - 5€,46 Rue Jean Jaures,31170,Tournefeuille,Payé
Garcia,Nicolas,test-27@example.com,0617270733,Vendredi 13 mars 9h30-12h,Standard - 5€,8 Rue Jean Jaures,31300,Toulouse,Payé
Thomas,Karine,test-28@example.com,0643374088,Mercredi 11 mars 14h-18h,Standard - 5€,18 Rue Jean Jaures,31600,Muret,Payé
Leroy,Francois,test-29@example.com,0672092888,Mercredi 11 mars 14h-18h,Liste 1000 - 1€,57 Rue du Parc,31300,Toulouse,Payé
Roux,Bob,test-30@example.com,0611980765,Mercredi 11 mars 9h30-11h30,Liste 2000 - 5€,22 Rue Jean Jaures,31500,Toulouse,Payé
David,Paul,test-31@example.com,0638688676,Jeudi 12 mars 9h30-12h,Liste 2000 - 5€,49 Rue des Lilas,31400,Toulouse,Payé
Leroy,Marie,test-32@example.com,0671070189,Mercredi 11 mars 20h-22h,Standard - 5€,20 Rue du Moulin,31600,Muret,Payé
Petit,Julien,test-33@example.com,0617849494,Jeudi 12 mars 17h-21h,Liste 1000 - 1€,96 Rue Victor Hugo,31830,Plaisance du Touch,Payé
Bernard,Bob,test-34@example.com,0688406989,Jeudi 12 mars 9h30-12h,Standard - 5€,8 Rue du Parc,31400,Toulouse,Payé
Dubois,Francois,test-35@example.com,0689864260,Mercredi 11 mars 9h30-11h30,Standard - 5€,52 Rue du Parc,31500,Toulouse,Payé
Durand,Thomas,test-36@example.com,0687701200,Jeudi 12 mars 17h-21h,Standard - 5€,54 Rue Victor Hugo,31300,Toulouse,Payé
Petit,Isabelle,test-37@example.com,0699889098,Vendredi 13 mars 9h30-12h,Standard - 5€,51 Rue des Roses,31100,Toulouse,Payé
Garcia,Julien,test-38@example.com,0652436584,Mercredi 11 mars 9h30-11h30,Standard - 5€,10 Rue du Moulin,31300,Toulouse,Payé
Leroy,Rachel,test-39@example.com,0627778019,Mercredi 11 mars 20h-22h,Liste 1000 - 1€,48 Rue de la Gare,31500,Toulouse,Payé
Garcia,Francois,test-40@example.com,0682909480,Vendredi 13 mars 9h30-12h,Standard - 5€,86 Rue de la Gare,31830,Plaisance du Touch,Payé
Robert,David,test-41@example.com,0645496015,Mercredi 11 mars 9h30-11h30,Liste 1000 - 1€,35 Rue de la Gare,31400,Toulouse,Payé
Petit,Valerie,test-42@example.com,0656020613,Mercredi 11 mars 14h-18h,Standard - 5€,65 Rue Pasteur,31100,Toulouse,Payé
Bernard,Isabelle,test-43@example.com,0622388090,Vendredi 13 mars 9h30-12h,Standard - 5€,6 Rue des Lilas,31100,Toulouse,Payé
Robert,Karine,test-44@example.com,0695511909,Mercredi 11 mars 20h-22h,Standard - 5€,71 Rue Jean Jaures,31600,Muret,Payé
Martin,Stephane,test-45@example.com,0625015458,Mercredi 11 mars 9h30-11h30,Liste 2000 - 5€,70 Rue des Lilas,31400,Toulouse,Payé
Vincent,Louis,test-46@example.com,0684158663,Mercredi 11 mars 14h-18h,Standard - 5€,40 Rue Victor Hugo,31830,Plaisance du Touch,Payé
Laurent,Bob,test-47@example.com,0638195995,Vendredi 13 mars 9h30-12h,Standard - 5€,46 Rue Jean Jaures,31300,Toulouse,Payé
Robert,Valerie,test-48@example.com,0641774346,Mercredi 11 mars 14h-18h,Liste 2000 - 5€,53 Rue des Lilas,31400,Toulouse,Payé
Simon,Francois,test-49@example.com,0665259205,Vendredi 13 mars 9h30-12h,Liste 1000 - 1€,35 Rue des Roses,31500,Toulouse,Payé
Lefebvre,David,test-50@example.com,0615197528,Jeudi 12 mars 9h30-12h,Standard - 5€,45 Rue de la Gare,31600,Muret,Payé
Durand,Hugo,test-51@example.com,0613176186,Vendredi 13 mars 9h30-12h,Standard - 5€,36 Rue du Parc,31770,Colomiers,Payé
Laurent,Isabelle,test-52@example.com,0696098221,Jeudi 12 mars 17h-21h,Standard - 5€,4 Rue du Parc,31770,Colomiers,Payé
Richard,Isabelle,test-53@example.com,0687925434,Mercredi 11 mars 20h-22h,Standard - 5€,45 Rue Victor Hugo,31170,Tournefeuille,Payé
Fournier,Nicolas,test-54@example.com,0678642041,Mercredi 11 mars 9h30-11h30,Standard - 5€,33 Rue des Lilas,31500,Toulouse,Payé
Martin,Nicolas,test-55@example.com,0679782527,Jeudi 12 mars 17h-21h,Standard - 5€,47 Rue Jean Jaures,31500,Toulouse,Payé
Simon,Claire,test-56@example.com,0693638503,Mercredi 11 mars 20h-22h,Standard - 5€,93 Rue de la Gare,31300,Toulouse,Payé
Moreau,Rachel,test-57@example.com,0699508850,Jeudi 12 mars 9h30-12h,Standard - 5€,71 Rue des Roses,31100,Toulouse,Payé
Michel,Gabrielle,test-58@example.com,0699245317,Jeudi 12 mars 9h30-12h,Standard - 5€,79 Rue de la Gare,31400,Toulouse,Payé
Roux,Marie,test-59@example.com,0610054484,Mercredi 11 mars 20h-22h,Standard - 5€,75 Rue Victor Hugo,31170,Tournefeuille,Payé
Garcia,Oceane,test-60@example.com,0669345683,Vendredi 13 mars 9h30-12h,Standard - 5€,95 Rue des Roses,31600,Muret,Payé
Moreau,Claire,test-61@example.com,0679182797,Vendredi 13 mars 9h30-12h,Standard - 5€,12 Rue du Moulin,31770,Colomiers,Payé
Durand,Julien,test-62@example.com,0636726767,Mercredi 11 mars 14h-18h,Standard - 5€,61 Rue du Parc,31500,Toulouse,Payé
Michel,Oceane,test-63@example.com,0694525678,Jeudi 12 mars 17h-21h,Standard - 5€,64 Rue Jean Jaures,31170,Tournefeuille,Payé
Robert,Hugo,test-64@example.com,0698054615,Vendredi 13 mars 9h30-12h,Standard - 5€,55 Rue du Moulin,31300,Toulouse,Payé
Bertrand,Francois,test-65@example.com,0672350830,Mercredi 11 mars 9h30-11h30,Standard - 5€,59 Rue des Roses,31300,Toulouse,Payé
Bertrand,Oceane,test-66@example.com,0685017682,Jeudi 12 mars 17h-21h,Standard - 5€,79 Rue Jean Jaures,31600,Muret,Payé
Garcia,Stephane,test-67@example.com,0631361812,Vendredi 13 mars 9h30-12h,Liste 1000 - 1€,34 Rue du Moulin,31600,Muret,Payé
Bertrand,Isabelle,test-68@example.com,0675041510,Vendredi 13 mars 9h30-12h,Standard - 5€,10 Rue de la Gare,31600,Muret,Payé
Leroy,Hugo,test-69@example.com,0655076693,Mercredi 11 mars 20h-22h,Liste 1000 - 1€,18 Rue des Roses,31300,Toulouse,Payé
Lefebvre,Hugo,test-70@example.com,0630509175,Vendredi 13 mars 9h30-12h,Standard - 5€,53 Rue Victor Hugo,31170,Tournefeuille,Payé
Garcia,Stephane,test-71@example.com,0665804273,Mercredi 11 mars 9h30-11h30,Standard - 5€,50 Rue des Lilas,31170,Tournefeuille,Payé
Lefebvre,Thomas,test-72@example.com,0674019136,Mercredi 11 mars 9h30-11h30,Liste 2000 - 5€,97 Rue Jean Jaures,31100,Toulouse,Payé
Roux,Nicolas,test-73@example.com,0683300637,Jeudi 12 mars 17h-21h,Liste 1000 - 1€,29 Rue de la Gare,31600,Muret,Payé
David,Nicolas,test-74@example.com,0613895645,Jeudi 12 mars 9h30-12h,Standard - 5€,93 Rue des Roses,31170,Tournefeuille,Payé
Robert,Oceane,test-75@example.com,0693517915,Jeudi 12 mars 17h-21h,Standard - 5€,76 Rue des Lilas,31170,Tournefeuille,Payé
Michel,Claire,test-76@example.com,0628213276,Jeudi 12 mars 9h30-12h,Standard - 5€,49 Rue Victor Hugo,31100,Toulouse,Payé
Garcia,Gabrielle,test-77@example.com,0653868501,Mercredi 11 mars 20h-22h,Liste 1000 - 1€,36 Rue Jean Jaures,31170,Tournefeuille,Payé
Dubois,Isabelle,test-78@example.com,0673123515,Mercredi 11 mars 9h30-11h30,Liste 1000 - 1€,45 Rue du Moulin,31830,Plaisance du Touch,Payé
Bernard,Claire,test-79@example.com,0614164775,Mercredi 11 mars 14h-18h,Standard - 5€,80 Rue des Roses,31830,Plaisance du Touch,Payé
Robert,Hugo,test-80@example.com,0673560289,Vendredi 13 mars 9h30-12h,Standard - 5€,60 Rue de la Gare,31500,Toulouse,Payé
Richard,Louis,test-81@example.com,0691321540,Jeudi 12 mars 17h-21h,Liste 2000 - 5€,21 Rue de la Gare,31300,Toulouse,Payé
Vincent,David,test-82@example.com,0613446499,Mercredi 11 mars 20h-22h,Standard - 5€,51 Rue du Moulin,31170,Tournefeuille,Payé
Vincent,Claire,test-83@example.com,0694187049,Mercredi 11 mars 14h-18h,Standard - 5€,88 Rue du Parc,31100,Toulouse,Payé
Bernard,Thomas,test-84@example.com,0656600900,Jeudi 12 mars 17h-21h,Standard - 5€,9 Rue Victor Hugo,31770,Colomiers,Payé
Michel,Alice,test-85@example.com,0675793759,Mercredi 11 mars 9h30-11h30,Standard - 5€,82 Rue Pasteur,31770,Colomiers,Payé
Michel,Emma,test-86@example.com,0633640702,Vendredi 13 mars 9h30-12h,Standard - 5€,79 Rue Pasteur,31100,Toulouse,Payé
Michel,Oceane,test-87@example.com,0689520597,Mercredi 11 mars 20h-22h,Standard - 5€,12 Rue de la Gare,31500,Toulouse,Payé
Durand,Oceane,test-88@example.com,0672372114,Jeudi 12 mars 17h-21h,Standard - 5€,44 Rue des Lilas,31170,Tournefeuille,Payé
Simon,Paul,test-89@example.com,0634406132,Jeudi 12 mars 9h30-12h,Standard - 5€,44 Rue de la Gare,31100,Toulouse,Payé
Leroy,Valerie,test-90@example.com,0684597009,Mercredi 11 mars 9h30-11h30,Standard - 5€,11 Rue du Moulin,31500,Toulouse,Payé
David,Nicolas,test-91@example.com,0684514489,Mercredi 11 mars 14h-18h,Standard - 5€,58 Rue des Lilas,31600,Muret,Payé
Moreau,Claire,test-92@example.com,0639742165,Jeudi 12 mars 9h30-12h,Standard - 5€,85 Rue Victor Hugo,31100,Toulouse,Payé
Roux,Paul,test-93@example.com,0681259135,Mercredi 11 mars 20h-22h,Standard - 5€,46 Rue Pasteur,31770,Colomiers,Payé
Moreau,Isabelle,test-94@example.com,0643742830,Mercredi 11 mars 14h-18h,Standard - 5€,41 Rue du Parc,31500,Toulouse,Payé
Richard,Stephane,test-95@example.com,0635708194,Mercredi 11 mars 14h-18h,Liste 1000 - 1€,93 Rue de la Gare,31100,Toulouse,Payé
Petit,David,test-96@example.com,0649761527,Mercredi 11 mars 14h-18h,Standard - 5€,2 Rue des Roses,31100,Toulouse,Payé
Bernard,Isabelle,test-97@example.com,0617318358,Jeudi 12 mars 17h-21h,Standard - 5€,82 Rue Pasteur,31400,Toulouse,Payé
Martin,David,test-98@example.com,0687049595,Mercredi 11 mars 20h-22h,Standard - 5€,44 Rue des Roses,31600,Muret,Payé
Leroy,Bob,test-99@example.com,0674119726,Mercredi 11 mars 9h30-11h30,Liste 1000 - 1€,63 Rue du Parc,31170,Tournefeuille,Payé
Bernard,Thomas,test-100@example.com,0630364454,Mercredi 11 mars 14h-18h,Liste 1000 - 1€,11 Rue du Moulin,31100,Toulouse,Payé
Roux,David,test-101@example.com,0665857931,Jeudi 12 mars 17h-21h,Standard - 5€,67 Rue Jean Jaures,31500,Toulouse,Payé
Garcia,Oceane,test-102@example.com,0649910061,Jeudi 12 mars 17h-21h,Liste 2000 - 5€,73 Rue des Lilas,31100,Toulouse,Payé
Thomas,Valerie,test-103@example.com,0637888820,Vendredi 13 mars 9h30-12h,Standard - 5€,21 Rue du Moulin,31300,Toulouse,Payé
Roux,Francois,test-104@example.com,0620075036,Mercredi 11 mars 14h-18h,Standard - 5€,89 Rue Pasteur,31600,Muret,Payé
Bernard,Julien,test-105@example.com,0641068214,Mercredi 11 mars 20h-22h,Liste 1000 - 1€,10 Rue du Moulin,31600,Muret,Payé
Vincent,Isabelle,test-106@example.com,0698742485,Mercredi 11 mars 14h-18h,Standard - 5€,83 Rue des Roses,31500,Toulouse,Payé
Robert,Isabelle,test-107@example.com,0619584466,Mercredi 11 mars 9h30-11h30,Standard - 5€,77 Rue de la Gare,31100,Toulouse,Payé
Thomas,Oceane,test-108@example.com,0672907576,Vendredi 13 mars 9h30-12h,Standard - 5€,35 Rue Pasteur,31170,Tournefeuille,Payé
Dubois,Oceane,test-109@example.com,0690267122,Mercredi 11 mars 9h30-11h30,Liste 1000 - 1€,78 Rue de la Gare,31770,Colomiers,Payé
Dubois,Alice,test-110@example.com,0640725714,Vendredi 13 mars 9h30-12h,Liste 1000 - 1€,98 Rue de la Gare,31830,Plaisance du Touch,Payé
Bernard,Thomas,test-111@example.com,0633513701,Jeudi 12 mars 9h30-12h,Standard - 5€,36 Rue des Roses,31600,Muret,Payé
Michel,Thomas,test-112@example.com,0695199362,Jeudi 12 mars 9h30-12h,Liste 2000 - 5€,45 Rue Jean Jaures,31600,Muret,Payé
Simon,Karine,test-113@example.com,0699943797,Mercredi 11 mars 9h30-11h30,Liste 1000 - 1€,53 Rue Pasteur,31770,Colomiers,Payé
Lefebvre,Julien,test-114@example.com,0683832717,Mercredi 11 mars 9h30-11h30,Standard - 5€,33 Rue Victor Hugo,31770,Colomiers,Payé
Lefebvre,David,test-115@example.com,0679067939,Mercredi 11 mars 9h30-11h30,Standard - 5€,53 Rue des Lilas,31600,Muret,Payé
Bertrand,Gabrielle,test-116@example.com,0658557203,Jeudi 12 mars 17h-21h,Liste 1000 - 1€,98 Rue des Lilas,31600,Muret,Payé
Leroy,Gabrielle,test-117@example.com,0683715012,Mercredi 11 mars 14h-18h,Liste 2000 - 5€,90 Rue Pasteur,31600,Muret,Payé
Martin,David,test-118@example.com,0694560158,Jeudi 12 mars 17h-21h,Liste 1000 - 1€,40 Rue des Lilas,31400,Toulouse,Payé
Michel,Stephane,test-119@example.com,0622510327,Mercredi 11 mars 14h-18h,Liste 2000 - 5€,60 Rue du Parc,31300,Toulouse,Payé
David,Emma,test-120@example.com,0649172995,Jeudi 12 mars 17h-21h,Liste 1000 - 1€,62 Rue Pasteur,31170,Tournefeuille,Payé
Garcia,Hugo,test-121@example.com,0683989546,Mercredi 11 mars 14h-18h,Standard - 5€,9 Rue de la Gare,31400,Toulouse,Payé
Simon,Nicolas,test-122@example.com,0678147397,Mercredi 11 mars 20h-22h,Liste 1000 - 1€,93 Rue de la Gare,31100,Toulouse,Payé
Vincent,Thomas,test-123@example.com,0698575748,Jeudi 12 mars 9h30-12h,Liste 1000 - 1€,69 Rue Pasteur,31600,Muret,Payé
Simon,Louis,test-124@example.com,0684077101,Jeudi 12 mars 17h-21h,Standard - 5€,25 Rue du Moulin,31770,Colomiers,Payé
Lefebvre,Thomas,test-125@example.com,0641348220,Jeudi 12 mars 9h30-12h,Standard - 5€,91 Rue Jean Jaures,31600,Muret,Payé
Robert,Marie,test-126@example.com,0676481885,Mercredi 11 mars 9h30-11h30,Standard - 5€,13 Rue Pasteur,31770,Colomiers,Payé
Bertrand,David,test-127@example.com,0671327848,Mercredi 11 mars 9h30-11h30,Liste 1000 - 1€,84 Rue des Roses,31170,Tournefeuille,Payé
David,Claire,test-128@example.com,0645570755,Mercredi 11 mars 20h-22h,Standard - 5€,84 Rue du Parc,31170,Tournefeuille,Payé
Roux,Karine,test-129@example.com,0661003997,Mercredi 11 mars 20h-22h,Standard - 5€,70 Rue des Lilas,31600,Muret,Payé
Dubois,Valerie,test-130@example.com,0641510328,Vendredi 13 mars 9h30-12h,Standard - 5€,30 Rue du Parc,31100,Toulouse,Payé
Thomas,Nicolas,test-131@example.com,0695060193,Vendredi 13 mars 9h30-12h,Liste 1000 - 1€,22 Rue de la Gare,31600,Muret,Payé
Bernard,Alice,test-132@example.com,0653536830,Mercredi 11 mars 9h30-11h30,Standard - 5€,56 Rue des Roses,31770,Colomiers,Payé
Bertrand,Hugo,test-133@example.com,0665304649,Jeudi 12 mars 17h-21h,Standard - 5€,22 Rue des Roses,31400,Toulouse,Payé
Fournier,Claire,test-134@example.com,0661344226,Jeudi 12 mars 17h-21h,Standard - 5€,75 Rue des Roses,31600,Muret,Payé
Garcia,Hugo,test-135@example.com,0695618110,Mercredi 11 mars 20h-22h,Standard - 5€,60 Rue de la Gare,31830,Plaisance du Touch,Payé
Richard,Stephane,test-136@example.com,0619913576,Jeudi 12 mars 9h30-12h,Liste 2000 - 5€,82 Rue Jean Jaures,31100,Toulouse,Payé
Garcia,Isabelle,test-137@example.com,0650550084,Mercredi 11 mars 14h-18h,Liste 2000 - 5€,14 Rue du Moulin,31600,Muret,Payé
Vincent,Marie,test-138@example.com,0658178682,Jeudi 12 mars 17h-21h,Standard - 5€,3 Rue Jean Jaures,31100,Toulouse,Payé
Martin,Isabelle,test-139@example.com,0685957706,Vendredi 13 mars 9h30-12h,Liste 1000 - 1€,78 Rue Pasteur,31830,Plaisance du Touch,Payé
Durand,Julien,test-140@example.com,0691478884,Mercredi 11 mars 20h-22h,Standard - 5€,80 Rue de la Gare,31500,Toulouse,Payé
Thomas,Emma,test-141@example.com,0694216001,Vendredi 13 mars 9h30-12h,Standard - 5€,5 Rue Victor Hugo,31600,Muret,Payé
Dubois,Emma,test-142@example.com,0649609054,Mercredi 11 mars 20h-22h,Liste 1000 - 1€,26 Rue des Roses,31400,Toulouse,Payé
Laurent,Stephane,test-143@example.com,0681249799,Jeudi 12 mars 17h-21h,Liste 2000 - 5€,33 Rue Pasteur,31400,Toulouse,Payé
Simon,Julien,test-144@example.com,0625457816,Jeudi 12 mars 9h30-12h,Liste 2000 - 5€,97 Rue du Moulin,31400,Toulouse,Payé
Roux,Marie,test-145@example.com,0659093496,Mercredi 11 mars 9h30-11h30,Liste 1000 - 1€,34 Rue du Parc,31830,Plaisance du Touch,Payé
Laurent,Oceane,test-146@example.com,0645186708,Jeudi 12 mars 17h-21h,Standard - 5€,14 Rue du Moulin,31770,Colomiers,Payé
Martin,Paul,test-147@example.com,0693154172,Jeudi 12 mars 17h-21h,Standard - 5€,83 Rue du Parc,31500,Toulouse,Payé
Moreau,Oceane,test-148@example.com,0697139443,Jeudi 12 mars 9h30-12h,Standard - 5€,5 Rue de la Gare,31830,Plaisance du Touch,Payé
Thomas,Paul,test-149@example.com,0623044889,Mercredi 11 mars 14h-18h,Liste 1000 - 1€,50 Rue Pasteur,31400,Toulouse,Payé
Roux,Louis,test-150@example.com,0666254240,Jeudi 12 mars 17h-21h,Liste 1000 - 1€,54 Rue du Parc,31400,Toulouse,Payé
Fournier,Paul,test-151@example.com,0664776386,Mercredi 11 mars 20h-22h,Standard - 5€,28 Rue Pasteur,31770,Colomiers,Payé
Durand,Oceane,test-152@example.com,0658678896,Mercredi 11 mars 9h30-11h30,Liste 2000 - 5€,70 Rue Victor Hugo,31770,Colomiers,Payé
Lefebvre,Bob,test-153@example.com,0647028180,Mercredi 11 mars 14h-18h,Liste 2000 - 5€,12 Rue du Moulin,31600,Muret,Payé
Martin,Valerie,test-154@example.com,0616788532,Mercredi 11 mars 20h-22h,Standard - 5€,73 Rue du Moulin,31400,Toulouse,Payé
Roux,Claire,test-155@example.com,0637804191,Jeudi 12 mars 17h-21h,Standard - 5€,43 Rue des Roses,31500,Toulouse,Payé
Martin,Valerie,test-156@example.com,0647215199,Mercredi 11 mars 14h-18h,Liste 2000 - 5€,23 Rue du Parc,31100,Toulouse,Payé
Robert,Alice,test-157@example.com,0611994519,Mercredi 11 mars 20h-22h,Liste 1000 - 1€,76 Rue Victor Hugo,31500,Toulouse,Payé
Richard,Alice,test-158@example.com,0645617024,Mercredi 11 mars 9h30-11h30,Standard - 5€,68 Rue du Parc,31170,Tournefeuille,Payé
David,Claire,test-159@example.com,0670166480,Mercredi 11 mars 20h-22h,Standard - 5€,58 Rue du Moulin,31300,Toulouse,Payé
Bernard,Valerie,test-160@example.com,0698436473,Jeudi 12 mars 17h-21h,Standard - 5€,8 Rue Pasteur,31830,Plaisance du Touch,Payé
Michel,Marie,test-161@example.com,0624490391,Jeudi 12 mars 9h30-12h,Liste 1000 - 1€,10 Rue du Parc,31600,Muret,Payé
Fournier,Karine,test-162@example.com,0629909029,Mercredi 11 mars 9h30-11h30,Standard - 5€,49 Rue de la Gare,31770,Colomiers,Payé
Bertrand,Oceane,test-163@example.com,0691259008,Jeudi 12 mars 9h30-12h,Standard - 5€,84 Rue du Moulin,31300,Toulouse,Payé
Garcia,Nicolas,test-164@example.com,0640667888,Jeudi 12 mars 9h30-12h,Standard - 5€,52 Rue Jean Jaures,31600,Muret,Payé
Simon,David,test-165@example.com,0667279295,Mercredi 11 mars 20h-22h,Standard - 5€,20 Rue Pasteur,31770,Colomiers,Payé
Dubois,Claire,test-166@example.com,0621457410,Mercredi 11 mars 9h30-11h30,Standard - 5€,17 Rue des Lilas,31770,Colomiers,Payé
Roux,Thomas,test-167@example.com,0685387867,Mercredi 11 mars 20h-22h,Standard - 5€,46 Rue Jean Jaures,31170,Tournefeuille,Payé
Moreau,Bob,test-168@example.com,0690585678,Mercredi 11 mars 20h-22h,Standard - 5€,20 Rue Pasteur,31500,Toulouse,Payé
Thomas,Hugo,test-169@example.com,0656991504,Jeudi 12 mars 17h-21h,Standard - 5€,74 Rue du Moulin,31100,Toulouse,Payé
Roux,Nicolas,test-170@example.com,0693446356,Jeudi 12 mars 17h-21h,Standard - 5€,78 Rue de la Gare,31830,Plaisance du Touch,Payé
Richard,Alice,test-171@example.com,0646677730,Vendredi 13 mars 9h30-12h,Liste 1000 - 1€,45 Rue des Lilas,31770,Colomiers,Payé
Robert,Francois,test-172@example.com,0686010330,Vendredi 13 mars 9h30-12h,Standard - 5€,95 Rue des Lilas,31400,Toulouse,Payé
Bertrand,Claire,test-173@example.com,0638874646,Jeudi 12 mars 9h30-12h,Standard - 5€,21 Rue Victor Hugo,31770,Colomiers,Payé
Simon,Julien,test-174@example.com,0686181117,Jeudi 12 mars 17h-21h,Standard - 5€,20 Rue des Roses,31830,Plaisance du Touch,Payé
Bernard,Valerie,test-175@example.com,0620949687,Mercredi 11 mars 20h-22h,Standard - 5€,63 Rue Pasteur,31170,Tournefeuille,Payé
Leroy,Nicolas,test-176@example.com,0638933176,Jeudi 12 mars 17h-21h,Standard - 5€,15 Rue de la Gare,31170,Tournefeuille,Payé
David,Thomas,test-177@example.com,0680723898,Vendredi 13 mars 9h30-12h,Standard - 5€,51 Rue des Lilas,31500,Toulouse,Payé
Petit,Alice,test-178@example.com,0650455821,Mercredi 11 mars 14h-18h,Liste 1000 - 1€,38 Rue Victor Hugo,31100,Toulouse,Payé
Martin,David,test-179@example.com,0676757928,Vendredi 13 mars 9h30-12h,Standard - 5€,49 Rue du Moulin,31400,Toulouse,Payé
Roux,Rachel,test-180@example.com,0699663907,Mercredi 11 mars 20h-22h,Standard - 5€,56 Rue des Lilas,31830,Plaisance du Touch,Payé
Dubois,Oceane,test-181@example.com,0652018286,Jeudi 12 mars 17h-21h,Standard - 5€,91 Rue Jean Jaures,31170,Tournefeuille,Payé
Thomas,Julien,test-182@example.com,0664362516,Mercredi 11 mars 9h30-11h30,Liste 2000 - 5€,80 Rue Pasteur,31400,Toulouse,Payé
Dubois,Louis,test-183@example.com,0668614462,Mercredi 11 mars 9h30-11h30,Standard - 5€,68 Rue du Parc,31170,Tournefeuille,Payé
Moreau,Marie,test-184@example.com,0655568701,Mercredi 11 mars 14h-18h,Standard - 5€,10 Rue du Parc,31400,Toulouse,Payé
Bertrand,Rachel,test-185@example.com,0636025314,Mercredi 11 mars 20h-22h,Standard - 5€,31 Rue du Parc,31400,Toulouse,Payé
Leroy,Emma,test-186@example.com,0636477373,Mercredi 11 mars 14h-18h,Standard - 5€,23 Rue Pasteur,31300,Toulouse,Payé
Vincent,Oceane,test-187@example.com,0687774890,Jeudi 12 mars 9h30-12h,Standard - 5€,81 Rue Victor Hugo,31770,Colomiers,Payé
Garcia,Emma,test-188@example.com,0619165226,Jeudi 12 mars 9h30-12h,Standard - 5€,36 Rue des Lilas,31100,Toulouse,Payé
Bertrand,Louis,test-189@example.com,0619957701,Mercredi 11 mars 20h-22h,Standard - 5€,8 Rue Victor Hugo,31830,Plaisance du Touch,Payé
Dubois,Julien,test-190@example.com,0696525668,Mercredi 11 mars 9h30-11h30,Standard - 5€,60 Rue des Lilas,31170,Tournefeuille,Payé
Vincent,Oceane,test-191@example.com,0697488142,Mercredi 11 mars 14h-18h,Standard - 5€,65 Rue des Roses,31600,Muret,Payé
Garcia,Bob,test-192@example.com,0623891786,Mercredi 11 mars 20h-22h,Liste 2000 - 5€,65 Rue des Roses,31300,Toulouse,Payé
Durand,Bob,test-193@example.com,0668754920,Jeudi 12 mars 9h30-12h,Standard - 5€,47 Rue Victor Hugo,31400,Toulouse,Payé
Lefebvre,Julien,test-194@example.com,0664864099,Mercredi 11 mars 20h-22h,Standard - 5€,81 Rue Victor Hugo,31830,Plaisance du Touch,Payé
Simon,Claire,test-195@example.com,0622684373,Jeudi 12 mars 17h-21h,Standard - 5€,33 Rue des Roses,31100,Toulouse,Payé
Dubois,Karine,test-196@example.com,0688213973,Vendredi 13 mars 9h30-12h,Standard - 5€,40 Rue Jean Jaures,31770,Colomiers,Payé
Fournier,Emma,test-197@example.com,0621370793,Mercredi 11 mars 20h-22h,Standard - 5€,17 Rue du Parc,31770,Colomiers,Payé
Bertrand,Nicolas,test-198@example.com,0658563745,Mercredi 11 mars 9h30-11h30,Standard - 5€,28 Rue Victor Hugo,31400,Toulouse,Payé
Petit,Paul,test-199@example.com,0640406092,Mercredi 11 mars 14h-18h,Standard - 5€,13 Rue des Lilas,31100,Toulouse,Payé
Fournier,Karine,test-200@example.com,0627589104,Jeudi 12 mars 17h-21h,Standard - 5€,24 Rue des Roses,31400,Toulouse,Payé
Bernard,Oceane,test-201@example.com,0665144509,Mercredi 11 mars 20h-22h,Standard - 5€,57 Rue de la Gare,31500,Toulouse,Payé
Durand,Oceane,test-202@example.com,0681673763,Mercredi 11 mars 14h-18h,Standard - 5€,25 Rue Victor Hugo,31600,Muret,Payé
Garcia,Thomas,test-203@example.com,0671965637,Mercredi 11 mars 20h-22h,Liste 1000 - 1€,21 Rue du Moulin,31170,Tournefeuille,Payé
Robert,Valerie,test-204@example.com,0643554863,Mercredi 11 mars 9h30-11h30,Standard - 5€,71 Rue du Parc,31770,Colomiers,Payé
Thomas,Rachel,test-205@example.com,0648260510,Mercredi 11 mars 9h30-11h30,Liste 1000 - 1€,58 Rue des Roses,31100,Toulouse,Payé
Dubois,Nicolas,test-206@example.com,0639801436,Jeudi 12 mars 9h30-12h,Liste 1000 - 1€,54 Rue des Lilas,31830,Plaisance du Touch,Payé
Bertrand,Marie,test-207@example.com,0660192261,Mercredi 11 mars 14h-18h,Standard - 5€,48 Rue du Moulin,31300,Toulouse,Payé
Simon,Alice,test-208@example.com,0623298711,Vendredi 13 mars 9h30-12h,Standard - 5€,18 Rue des Lilas,31400,Toulouse,Payé
David,Julien,test-209@example.com,0628628439,Vendredi 13 mars 9h30-12h,Standard - 5€,11 Rue des Lilas,31830,Plaisance du Touch,Payé
Petit,Isabelle,test-210@example.com,0630068183,Jeudi 12 mars 17h-21h,Liste 2000 - 5€,15 Rue de la Gare,31170,Tournefeuille,Payé
Moreau,Hugo,test-211@example.com,0626354208,Mercredi 11 mars 9h30-11h30,Standard - 5€,9 Rue du Parc,31600,Muret,Payé
Fournier,Paul,test-212@example.com,0681947921,Mercredi 11 mars 9h30-11h30,Standard - 5€,92 Rue des Roses,31500,Toulouse,Payé
Michel,Julien,test-213@example.com,0610209961,Jeudi 12 mars 17h-21h,Standard - 5€,24 Rue du Parc,31170,Tournefeuille,Payé
Laurent,Rachel,test-214@example.com,0619083764,Jeudi 12 mars 17h-21h,Standard - 5€,50 Rue Pasteur,31830,Plaisance du Touch,Payé
Lefebvre,Bob,test-215@example.com,0660103798,Mercredi 11 mars 20h-22h,Liste 1000 - 1€,9 Rue Victor Hugo,31770,Colomiers,Payé
Thomas,Hugo,test-216@example.com,0688101741,Vendredi 13 mars 9h30-12h,Liste 1000 - 1€,6 Rue Victor Hugo,31400,Toulouse,Payé
Simon,Stephane,test-217@example.com,0696274567,Mercredi 11 mars 14h-18h,Liste 1000 - 1€,90 Rue Pasteur,31600,Muret,Payé
Robert,Francois,test-218@example.com,0618469210,Vendredi 13 mars 9h30-12h,Liste 1000 - 1€,5 Rue de la Gare,31600,Muret,Payé
Bernard,Gabrielle,test-219@example.com,0636772387,Mercredi 11 mars 9h30-11h30,Standard - 5€,66 Rue Jean Jaures,31100,Toulouse,Payé
David,Stephane,test-220@example.com,0643999198,Mercredi 11 mars 9h30-11h30,Liste 1000 - 1€,37 Rue Victor Hugo,31500,Toulouse,Payé
Simon,Bob,test-221@example.com,0646670512,Mercredi 11 mars 9h30-11h30,Liste 1000 - 1€,52 Rue Pasteur,31170,Tournefeuille,Payé
Simon,Marie,test-222@example.com,0635074182,Jeudi 12 mars 9h30-12h,Standard - 5€,67 Rue de la Gare,31770,Colomiers,Payé
Michel,Claire,test-223@example.com,0620593403,Jeudi 12 mars 9h30-12h,Standard - 5€,70 Rue de la Gare,31400,Toulouse,Payé
Thomas,Karine,test-224@example.com,0620746667,Mercredi 11 mars 20h-22h,Standard - 5€,58 Rue Jean Jaures,31100,Toulouse,Payé
Garcia,Francois,test-225@example.com,0657183837,Jeudi 12 mars 9h30-12h,Standard - 5€,79 Rue Jean Jaures,31770,Colomiers,Payé
Bernard,Isabelle,test-226@example.com,0620071854,Vendredi 13 mars 9h30-12h,Standard - 5€,66 Rue des Roses,31770,Colomiers,Payé
Robert,Alice,test-227@example.com,0691547054,Vendredi 13 mars 9h30-12h,Liste 1000 - 1€,17 Rue du Parc,31830,Plaisance du Touch,Payé
Laurent,Hugo,test-228@example.com,0658607028,Jeudi 12 mars 9h30-12h,Liste 2000 - 5€,78 Rue des Roses,31830,Plaisance du Touch,Payé
Laurent,Oceane,test-229@example.com,0659930790,Jeudi 12 mars 9h30-12h,Liste 1000 - 1€,68 Rue Victor Hugo,31400,Toulouse,Payé
Simon,Marie,test-230@example.com,0697182566,Mercredi 11 mars 20h-22h,Standard - 5€,4 Rue des Roses,31300,Toulouse,Payé
Bertrand,Paul,test-231@example.com,0661940566,Jeudi 12 mars 17h-21h,Standard - 5€,91 Rue Pasteur,31100,Toulouse,Payé
Fournier,Gabrielle,test-232@example.com,0648329479,Vendredi 13 mars 9h30-12h,Liste 2000 - 5€,26 Rue du Parc,31600,Muret,Payé
Dubois,Emma,test-233@example.com,0670672142,Mercredi 11 mars 14h-18h,Liste 1000 - 1€,12 Rue Victor Hugo,31600,Muret,Payé
Dubois,Louis,test-234@example.com,0683819367,Jeudi 12 mars 17h-21h,Standard - 5€,21 Rue des Roses,31100,Toulouse,Payé
Bertrand,Louis,test-235@example.com,0640097200,Mercredi 11 mars 9h30-11h30,Liste 2000 - 5€,31 Rue Pasteur,31400,Toulouse,Payé
Laurent,Alice,test-236@example.com,0684359498,Jeudi 12 mars 17h-21h,Standard - 5€,79 Rue du Parc,31400,Toulouse,Payé
Moreau,Claire,test-237@example.com,0663440127,Vendredi 13 mars 9h30-12h,Liste 1000 - 1€,99 Rue Jean Jaures,31170,Tournefeuille,Payé
Dubois,Thomas,test-238@example.com,0626821075,Mercredi 11 mars 20h-22h,Standard - 5€,60 Rue Victor Hugo,31600,Muret,Payé
Roux,Emma,test-239@example.com,0695871687,Jeudi 12 mars 17h-21h,Standard - 5€,56 Rue des Lilas,31400,Toulouse,Payé
Bertrand,David,test-240@example.com,0630537388,Mercredi 11 mars 20h-22h,Standard - 5€,91 Rue du Moulin,31770,Colomiers,Payé
Bertrand,Louis,test-241@example.com,0648124318,Mercredi 11 mars 9h30-11h30,Standard - 5€,17 Rue de la Gare,31100,Toulouse,Payé
Roux,Valerie,test-242@example.com,0622539748,Jeudi 12 mars 17h-21h,Standard - 5€,22 Rue Victor Hugo,31400,Toulouse,Payé
Bernard,Thomas,test-243@example.com,0613808225,Mercredi 11 mars 9h30-11h30,Standard - 5€,84 Rue du Moulin,31100,Toulouse,Payé
Michel,Thomas,test-244@example.com,0692961108,Vendredi 13 mars 9h30-12h,Standard - 5€,83 Rue de la Gare,31100,Toulouse,Payé
Durand,Paul,test-245@example.com,0664504816,Mercredi 11 mars 20h-22h,Standard - 5€,21 Rue Pasteur,31830,Plaisance du Touch,Payé
David,Nicolas,test-246@example.com,0672336371,Mercredi 11 mars 14h-18h,Standard - 5€,41 Rue Victor Hugo,31400,Toulouse,Payé
Lefebvre,Louis,test-247@example.com,0627551135,Mercredi 11 mars 20h-22h,Standard - 5€,41 Rue du Moulin,31300,Toulouse,Payé
Thomas,Oceane,test-248@example.com,0645899440,Jeudi 12 mars 9h30-12h,Standard - 5€,7 Rue de la Gare,31300,Toulouse,Payé
Fournier,Marie,test-249@example.com,0666121095,Mercredi 11 mars 14h-18h,Liste 2000 - 5€,42 Rue Victor Hugo,31400,Toulouse,Payé
Richard,Gabrielle,test-250@example.com,0676876068,Jeudi 12 mars 17h-21h,Standard - 5€,64 Rue des Lilas,31100,Toulouse,Payé
Lefebvre,Claire,test-251@example.com,0677839607,Jeudi 12 mars 9h30-12h,Liste 2000 - 5€,75 Rue Victor Hugo,31500,Toulouse,Payé
Bernard,Bob,test-252@example.com,0647763008,Jeudi 12 mars 9h30-12h,Standard - 5€,37 Rue des Lilas,31600,Muret,Payé
Michel,David,test-253@example.com,0627976443,Mercredi 11 mars 20h-22h,Liste 1000 - 1€,47 Rue des Lilas,31170,Tournefeuille,Payé
Bernard,Marie,test-254@example.com,0686541906,Jeudi 12 mars 17h-21h,Standard - 5€,10 Rue Jean Jaures,31100,Toulouse,Payé
Garcia,Rachel,test-255@example.com,0683800569,Mercredi 11 mars 20h-22h,Liste 1000 - 1€,17 Rue du Parc,31300,Toulouse,Payé
Laurent,Marie,test-256@example.com,0655511258,Jeudi 12 mars 17h-21h,Liste 2000 - 5€,26 Rue Jean Jaures,31400,Toulouse,Payé
Bernard,Rachel,test-257@example.com,0616080513,Mercredi 11 mars 9h30-11h30,Standard - 5€,61 Rue Pasteur,31770,Colomiers,Payé
Fournier,Emma,test-258@example.com,0679190008,Mercredi 11 mars 14h-18h,Standard - 5€,21 Rue Jean Jaures,31770,Colomiers,Payé
Moreau,Valerie,test-259@example.com,0689688374,Mercredi 11 mars 20h-22h,Standard - 5€,91 Rue de la Gare,31600,Muret,Payé
Martin,Paul,test-260@example.com,0659440148,Mercredi 11 mars 20h-22h,Standard - 5€,75 Rue de la Gare,31170,Tournefeuille,Payé
Fournier,Alice,test-261@example.com,0673698420,Mercredi 11 mars 20h-22h,Liste 2000 - 5€,93 Rue des Lilas,31500,Toulouse,Payé
David,Thomas,test-262@example.com,0632885741,Jeudi 12 mars 17h-21h,Standard - 5€,19 Rue du Moulin,31170,Tournefeuille,Payé
Vincent,Bob,test-263@example.com,0624749927,Mercredi 11 mars 14h-18h,Standard - 5€,54 Rue des Roses,31770,Colomiers,Payé
Petit,Nicolas,test-264@example.com,0665079923,Jeudi 12 mars 17h-21h,Liste 1000 - 1€,95 Rue des Lilas,31600,Muret,Payé
Bertrand,Emma,test-265@example.com,0637828932,Jeudi 12 mars 17h-21h,Standard - 5€,68 Rue Jean Jaures,31600,Muret,Payé
Richard,Karine,test-266@example.com,0671694994,Jeudi 12 mars 17h-21h,Standard - 5€,87 Rue de la Gare,31770,Colomiers,Payé
David,Valerie,test-267@example.com,0635805259,Mercredi 11 mars 14h-18h,Standard - 5€,29 Rue de la Gare,31100,Toulouse,Payé
Petit,Julien,test-268@example.com,0675632882,Mercredi 11 mars 20h-22h,Standard - 5€,37 Rue du Parc,31100,Toulouse,Payé
Roux,Thomas,test-269@example.com,0660961690,Jeudi 12 mars 9h30-12h,Liste 1000 - 1€,38 Rue des Lilas,31400,Toulouse,Payé
Dubois,Julien,test-270@example.com,0656488123,Jeudi 12 mars 9h30-12h,Standard - 5€,28 Rue du Moulin,31600,Muret,Payé
Leroy,Stephane,test-271@example.com,0685432781,Vendredi 13 mars 9h30-12h,Standard - 5€,79 Rue du Moulin,31300,Toulouse,Payé
Bernard,Hugo,test-272@example.com,0699903592,Jeudi 12 mars 17h-21h,Standard - 5€,7 Rue du Parc,31500,Toulouse,Payé
Simon,Nicolas,test-273@example.com,0673404979,Mercredi 11 mars 9h30-11h30,Standard - 5€,1 Rue des Roses,31400,Toulouse,Payé
David,Nicolas,test-274@example.com,0674082055,Vendredi 13 mars 9h30-12h,Standard - 5€,42 Rue de la Gare,31100,Toulouse,Payé
Dubois,Bob,test-275@example.com,0697550053,Jeudi 12 mars 17h-21h,Standard - 5€,23 Rue Jean Jaures,31830,Plaisance du Touch,Payé
Bernard,Francois,test-276@example.com,0663283709,Jeudi 12 mars 9h30-12h,Standard - 5€,5 Rue des Lilas,31100,Toulouse,Payé
Vincent,Julien,test-277@example.com,0690904160,Mercredi 11 mars 9h30-11h30,Liste 2000 - 5€,37 Rue Pasteur,31770,Colomiers,Payé
Bertrand,Stephane,test-278@example.com,0676291802,Mercredi 11 mars 14h-18h,Liste 1000 - 1€,35 Rue du Moulin,31600,Muret,Payé
Simon,David,test-279@example.com,0631809610,Vendredi 13 mars 9h30-12h,Standard - 5€,92 Rue des Roses,31100,Toulouse,Payé
Simon,Alice,test-280@example.com,0649597485,Jeudi 12 mars 17h-21h,Standard - 5€,23 Rue Jean Jaures,31500,Toulouse,Payé
Bertrand,Nicolas,test-281@example.com,0654013571,Mercredi 11 mars 9h30-11h30,Standard - 5€,24 Rue des Roses,31300,Toulouse,Payé
Simon,Paul,test-282@example.com,0643292316,Mercredi 11 mars 9h30-11h30,Standard - 5€,58 Rue de la Gare,31500,Toulouse,Payé
Moreau,Karine,test-283@example.com,0688176558,Vendredi 13 mars 9h30-12h,Standard - 5€,84 Rue Victor Hugo,31100,Toulouse,Payé
Bernard,Hugo,test-284@example.com,0699628735,Mercredi 11 mars 9h30-11h30,Standard - 5€,52 Rue de la Gare,31400,Toulouse,Payé
Moreau,David,test-285@example.com,0659330907,Jeudi 12 mars 17h-21h,Standard - 5€,62 Rue des Roses,31400,Toulouse,Payé
Fournier,Oceane,test-286@example.com,0660147077,Jeudi 12 mars 9h30-12h,Liste 1000 - 1€,97 Rue du Moulin,31600,Muret,Payé
Fournier,Hugo,test-287@example.com,0620988446,Jeudi 12 mars 17h-21h,Standard - 5€,10 Rue du Parc,31770,Colomiers,Payé
Roux,Bob,test-288@example.com,0677845324,Mercredi 11 mars 14h-18h,Standard - 5€,22 Rue Victor Hugo,31400,Toulouse,Payé
Garcia,Rachel,test-289@example.com,0625601471,Vendredi 13 mars 9h30-12h,Standard - 5€,12 Rue Pasteur,31600,Muret,Payé
Garcia,Bob,test-290@example.com,0627709269,Jeudi 12 mars 17h-21h,Standard - 5€,72 Rue Pasteur,31830,Plaisance du Touch,Payé
Martin,Julien,test-291@example.com,0663143336,Mercredi 11 mars 20h-22h,Liste 1000 - 1€,75 Rue du Parc,31500,Toulouse,Payé
Michel,Bob,test-292@example.com,0656241881,Vendredi 13 mars 9h30-12h,Standard - 5€,9 Rue Pasteur,31830,Plaisance du Touch,Payé
Moreau,Bob,test-293@example.com,0664877191,Mercredi 11 mars 14h-18h,Liste 1000 - 1€,48 Rue Jean Jaures,31170,Tournefeuille,Payé
Lefebvre,Oceane,test-294@example.com,0660418290,Mercredi 11 mars 9h30-11h30,Standard - 5€,84 Rue Victor Hugo,31400,Toulouse,Payé
Richard,David,test-295@example.com,0682109613,Jeudi 12 mars 9h30-12h,Standard - 5€,1 Rue des Lilas,31500,Toulouse,Payé
Garcia,Julien,test-296@example.com,0683074216,Jeudi 12 mars 9h30-12h,Standard - 5€,32 Rue Pasteur,31500,Toulouse,Payé
Robert,Louis,test-297@example.com,0646997080,Mercredi 11 mars 14h-18h,Liste 2000 - 5€,5 Rue Jean Jaures,31300,Toulouse,Payé
Martin,Valerie,test-298@example.com,0642301683,Mercredi 11 mars 14h-18h,Standard - 5€,58 Rue des Lilas,31830,Plaisance du Touch,Payé
Bernard,Hugo,test-299@example.com,0663991141,Jeudi 12 mars 9h30-12h,Standard - 5€,97 Rue des Lilas,31500,Toulouse,Payé
Bertrand,Emma,test-300@example.com,0648824283,Mercredi 11 mars 14h-18h,Liste 1000 - 1€,74 Rue Victor Hugo,31770,Colomiers,Payé
Moreau,Hugo,test-301@example.com,0629228089,Vendredi 13 mars 9h30-12h,Standard - 5€,39 Rue de la Gare,31170,Tournefeuille,Payé
Roux,Bob,test-302@example.com,0689412216,Vendredi 13 mars 9h30-12h,Liste 2000 - 5€,72 Rue Pasteur,31170,Tournefeuille,Payé
Laurent,Bob,test-303@example.com,0696344420,Vendredi 13 mars 9h30-12h,Standard - 5€,90 Rue Jean Jaures,31770,Colomiers,Payé
Robert,Nicolas,test-304@example.com,0650250352,Jeudi 12 mars 9h30-12h,Standard - 5€,31 Rue du Moulin,31600,Muret,Payé
Robert,Julien,test-305@example.com,0672146184,Mercredi 11 mars 9h30-11h30,Standard - 5€,72 Rue des Roses,31170,Tournefeuille,Payé
Durand,Marie,test-306@example.com,0644224936,Mercredi 11 mars 14h-18h,Standard - 5€,58 Rue Victor Hugo,31300,Toulouse,Payé
Roux,Claire,test-307@example.com,0635566010,Mercredi 11 mars 9h30-11h30,Standard - 5€,10 Rue du Moulin,31830,Plaisance du Touch,Payé
Roux,Thomas,test-308@example.com,0639127464,Jeudi 12 mars 9h30-12h,Standard - 5€,39 Rue des Lilas,31770,Colomiers,Payé
Petit,Gabrielle,test-309@example.com,0625745913,Vendredi 13 mars 9h30-12h,Liste 2000 - 5€,32 Rue du Moulin,31600,Muret,Payé
Durand,Marie,test-310@example.com,0684098828,Mercredi 11 mars 20h-22h,Liste 1000 - 1€,60 Rue Victor Hugo,31170,Tournefeuille,Payé
Leroy,Julien,test-311@example.com,0658270683,Jeudi 12 mars 17h-21h,Liste 1000 - 1€,13 Rue Pasteur,31600,Muret,Payé
Petit,Karine,test-312@example.com,0659755172,Mercredi 11 mars 20h-22h,Standard - 5€,95 Rue des Roses,31500,Toulouse,Payé
Leroy,Alice,test-313@example.com,0684264220,Jeudi 12 mars 17h-21h,Standard - 5€,38 Rue des Roses,31170,Tournefeuille,Payé
Simon,Gabrielle,test-314@example.com,0640872577,Jeudi 12 mars 9h30-12h,Standard - 5€,64 Rue Victor Hugo,31500,Toulouse,Payé
David,Isabelle,test-315@example.com,0696126771,Vendredi 13 mars 9h30-12h,Standard - 5€,94 Rue Victor Hugo,31400,Toulouse,Payé
Robert,Francois,test-316@example.com,0683356206,Jeudi 12 mars 9h30-12h,Standard - 5€,68 Rue des Lilas,31830,Plaisance du Touch,Payé
Bernard,Claire,test-317@example.com,0610856822,Jeudi 12 mars 9h30-12h,Standard - 5€,9 Rue des Roses,31500,Toulouse,Payé
Petit,Alice,test-318@example.com,0677878323,Jeudi 12 mars 9h30-12h,Standard - 5€,85 Rue Pasteur,31600,Muret,Payé
Martin,Alice,test-319@example.com,0681432350,Jeudi 12 mars 17h-21h,Standard - 5€,68 Rue de la Gare,31830,Plaisance du Touch,Payé
Moreau,Stephane,test-320@example.com,0612300840,Jeudi 12 mars 17h-21h,Liste 1000 - 1€,23 Rue du Parc,31170,Tournefeuille,Payé
Bertrand,David,test-321@example.com,0629984682,Mercredi 11 mars 14h-18h,Standard - 5€,46 Rue de la Gare,31100,Toulouse,Payé
Dubois,Marie,test-322@example.com,0660070135,Jeudi 12 mars 9h30-12h,Standard - 5€,90 Rue du Moulin,31500,Toulouse,Payé
Dubois,Julien,test-323@example.com,0697742922,Vendredi 13 mars 9h30-12h,Liste 1000 - 1€,52 Rue Jean Jaures,31300,Toulouse,Payé
Roux,Marie,test-324@example.com,0673888323,Mercredi 11 mars 9h30-11h30,Standard - 5€,11 Rue Pasteur,31400,Toulouse,Payé
Simon,Nicolas,test-325@example.com,0685947990,Mercredi 11 mars 9h30-11h30,Liste 1000 - 1€,30 Rue du Moulin,31830,Plaisance du Touch,Payé
David,Thomas,test-326@example.com,0646385762,Mercredi 11 mars 9h30-11h30,Liste 2000 - 5€,70 Rue des Lilas,31100,Toulouse,Payé
Simon,Francois,test-327@example.com,0612101593,Mercredi 11 mars 14h-18h,Standard - 5€,10 Rue de la Gare,31170,Tournefeuille,Payé
Vincent,Francois,test-328@example.com,0642275631,Jeudi 12 mars 17h-21h,Liste 1000 - 1€,87 Rue Victor Hugo,31170,Tournefeuille,Payé
Robert,Marie,test-329@example.com,0620526386,Jeudi 12 mars 17h-21h,Liste 1000 - 1€,7 Rue du Parc,31770,Colomiers,Payé
Durand,Nicolas,test-330@example.com,0620202996,Mercredi 11 mars 20h-22h,Standard - 5€,42 Rue des Lilas,31170,Tournefeuille,Payé
Garcia,Isabelle,test-331@example.com,0675847681,Mercredi 11 mars 14h-18h,Standard - 5€,56 Rue des Roses,31170,Tournefeuille,Payé
Lefebvre,Thomas,test-332@example.com,0621501669,Jeudi 12 mars 17h-21h,Standard - 5€,92 Rue du Parc,31500,Toulouse,Payé
Leroy,Claire,test-333@example.com,0630699187,Jeudi 12 mars 9h30-12h,Liste 1000 - 1€,95 Rue Jean Jaures,31400,Toulouse,Payé
Laurent,Karine,test-334@example.com,0624301022,Mercredi 11 mars 9h30-11h30,Standard - 5€,57 Rue Victor Hugo,31100,Toulouse,Payé
Thomas,Isabelle,test-335@example.com,0627784789,Mercredi 11 mars 9h30-11h30,Standard - 5€,72 Rue Jean Jaures,31600,Muret,Payé
Martin,David,test-336@example.com,0622028437,Mercredi 11 mars 20h-22h,Standard - 5€,50 Rue des Lilas,31770,Colomiers,Payé
Michel,Julien,test-337@example.com,0662049575,Mercredi 11 mars 9h30-11h30,Liste 1000 - 1€,74 Rue des Roses,31500,Toulouse,Payé
Richard,Marie,test-338@example.com,0628634797,Mercredi 11 mars 20h-22h,Standard - 5€,19 Rue du Parc,31600,Muret,Payé
Michel,Francois,test-339@example.com,0647038975,Jeudi 12 mars 9h30-12h,Standard - 5€,47 Rue de la Gare,31300,Toulouse,Payé
David,Hugo,test-340@example.com,0689699345,Jeudi 12 mars 17h-21h,Standard - 5€,18 Rue de la Gare,31300,Toulouse,Payé
Lefebvre,Alice,test-341@example.com,0654589439,Jeudi 12 mars 17h-21h,Standard - 5€,57 Rue Victor Hugo,31770,Colomiers,Payé
Fournier,Nicolas,test-342@example.com,0628270317,Mercredi 11 mars 20h-22h,Standard - 5€,62 Rue Victor Hugo,31500,Toulouse,Payé
Lefebvre,Francois,test-343@example.com,0652833932,Mercredi 11 mars 20h-22h,Liste 1000 - 1€,74 Rue du Moulin,31600,Muret,Payé
Lefebvre,Karine,test-344@example.com,0647621248,Jeudi 12 mars 9h30-12h,Standard - 5€,76 Rue des Roses,31500,Toulouse,Payé
Martin,Stephane,test-345@example.com,0671957885,Vendredi 13 mars 9h30-12h,Standard - 5€,89 Rue du Parc,31100,Toulouse,Payé
David,Nicolas,test-346@example.com,0628680305,Vendredi 13 mars 9h30-12h,Standard - 5€,85 Rue des Roses,31100,Toulouse,Payé
Lefebvre,Nicolas,test-347@example.com,0619927432,Jeudi 12 mars 9h30-12h,Liste 2000 - 5€,75 Rue Jean Jaures,31600,Muret,Payé
Bertrand,Stephane,test-348@example.com,0666143368,Jeudi 12 mars 17h-21h,Standard - 5€,90 Rue du Parc,31770,Colomiers,Payé
Durand,David,test-349@example.com,0698261798,Vendredi 13 mars 9h30-12h,Standard - 5€,73 Rue Jean Jaures,31830,Plaisance du Touch,Payé
Michel,Karine,test-350@example.com,0624219637,Mercredi 11 mars 9h30-11h30,Standard - 5€,66 Rue du Moulin,31500,Toulouse,Payé
Laurent,Oceane,test-351@example.com,0662497139,Jeudi 12 mars 9h30-12h,Liste 1000 - 1€,45 Rue des Lilas,31400,Toulouse,Payé
Thomas,Paul,test-352@example.com,0649652241,Jeudi 12 mars 9h30-12h,Liste 2000 - 5€,15 Rue des Roses,31300,Toulouse,Payé
Moreau,Louis,test-353@example.com,0656045630,Jeudi 12 mars 9h30-12h,Liste 1000 - 1€,45 Rue Pasteur,31600,Muret,Payé
Garcia,David,test-354@example.com,0670726434,Mercredi 11 mars 20h-22h,Standard - 5€,91 Rue du Parc,31830,Plaisance du Touch,Payé
Simon,Alice,test-355@example.com,0696969050,Mercredi 11 mars 9h30-11h30,Standard - 5€,95 Rue du Moulin,31400,Toulouse,Payé
Richard,Rachel,test-356@example.com,0684076145,Mercredi 11 mars 14h-18h,Standard - 5€,60 Rue du Moulin,31170,Tournefeuille,Payé
Richard,Marie,test-357@example.com,0635016429,Vendredi 13 mars 9h30-12h,Standard - 5€,4 Rue du Moulin,31170,Tournefeuille,Payé
Vincent,Oceane,test-358@example.com,0667653606,Jeudi 12 mars 9h30-12h,Standard - 5€,27 Rue de la Gare,31500,Toulouse,Payé
Vincent,Claire,test-359@example.com,0623656928,Jeudi 12 mars 17h-21h,Standard - 5€,26 Rue Pasteur,31770,Colomiers,Payé
Leroy,David,test-360@example.com,0675697427,Jeudi 12 mars 17h-21h,Liste 2000 - 5€,77 Rue Jean Jaures,31770,Colomiers,Payé
Lefebvre,Valerie,test-361@example.com,0688786439,Mercredi 11 mars 9h30-11h30,Standard - 5€,80 Rue des Roses,31600,Muret,Payé
Fournier,Julien,test-362@example.com,0689211057,Mercredi 11 mars 9h30-11h30,Standard - 5€,16 Rue du Moulin,31770,Colomiers,Payé
Thomas,Julien,test-363@example.com,0634567819,Mercredi 11 mars 20h-22h,Standard - 5€,54 Rue des Roses,31170,Tournefeuille,Payé
Lefebvre,Thomas,test-364@example.com,0666779304,Mercredi 11 mars 14h-18h,Standard - 5€,72 Rue des Roses,31400,Toulouse,Payé
Moreau,Paul,test-365@example.com,0628830282,Mercredi 11 mars 14h-18h,Standard - 5€,80 Rue des Lilas,31600,Muret,Payé
Martin,Louis,test-366@example.com,0675043108,Mercredi 11 mars 14h-18h,Standard - 5€,72 Rue Pasteur,31170,Tournefeuille,Payé
David,Nicolas,test-367@example.com,0665784972,Vendredi 13 mars 9h30-12h,Liste 1000 - 1€,22 Rue du Parc,31600,Muret,Payé
Martin,Thomas,test-368@example.com,0639598969,Mercredi 11 mars 20h-22h,Standard - 5€,69 Rue de la Gare,31500,Toulouse,Payé
Garcia,Francois,test-369@example.com,0685920319,Vendredi 13 mars 9h30-12h,Liste 1000 - 1€,71 Rue du Parc,31600,Muret,Payé
Thomas,Thomas,test-370@example.com,0645955440,Jeudi 12 mars 17h-21h,Liste 1000 - 1€,70 Rue des Lilas,31770,Colomiers,Payé
Roux,Oceane,test-371@example.com,0639332201,Jeudi 12 mars 9h30-12h,Standard - 5€,39 Rue des Lilas,31500,Toulouse,Payé
Leroy,Oceane,test-372@example.com,0656785209,Mercredi 11 mars 9h30-11h30,Standard - 5€,31 Rue du Moulin,31300,Toulouse,Payé
Laurent,Thomas,test-373@example.com,0691907952,Vendredi 13 mars 9h30-12h,Standard - 5€,27 Rue du Moulin,31400,Toulouse,Payé
Vincent,Bob,test-374@example.com,0657085656,Jeudi 12 mars 17h-21h,Standard - 5€,42 Rue de la Gare,31400,Toulouse,Payé
Vincent,Julien,test-375@example.com,0645882178,Jeudi 12 mars 17h-21h,Liste 2000 - 5€,18 Rue Jean Jaures,31300,Toulouse,Payé
Leroy,Bob,test-376@example.com,0698032908,Mercredi 11 mars 14h-18h,Liste 1000 - 1€,32 Rue des Roses,31400,Toulouse,Payé
Durand,Karine,test-377@example.com,0662707402,Jeudi 12 mars 9h30-12h,Standard - 5€,81 Rue Jean Jaures,31100,Toulouse,Payé
Garcia,Marie,test-378@example.com,0620135622,Vendredi 13 mars 9h30-12h,Liste 1000 - 1€,52 Rue de la Gare,31300,Toulouse,Payé
Garcia,Louis,test-379@example.com,0675504221,Mercredi 11 mars 20h-22h,Standard - 5€,94 Rue Pasteur,31300,Toulouse,Payé
Dubois,Louis,test-380@example.com,0681729237,Jeudi 12 mars 9h30-12h,Standard - 5€,28 Rue Pasteur,31170,Tournefeuille,Payé
Simon,Isabelle,test-381@example.com,0648063218,Mercredi 11 mars 20h-22h,Standard - 5€,73 Rue Pasteur,31400,Toulouse,Payé
Bernard,Karine,test-382@example.com,0616166355,Mercredi 11 mars 9h30-11h30,Standard - 5€,3 Rue du Parc,31600,Muret,Payé
Garcia,Francois,test-383@example.com,0671272827,Mercredi 11 mars 9h30-11h30,Liste 2000 - 5€,26 Rue des Roses,31170,Tournefeuille,Payé
Richard,Julien,test-384@example.com,0646778269,Mercredi 11 mars 9h30-11h30,Standard - 5€,11 Rue Victor Hugo,31100,Toulouse,Payé
Bernard,Francois,test-385@example.com,0663196064,Vendredi 13 mars 9h30-12h,Standard - 5€,55 Rue du Parc,31500,Toulouse,Payé
Martin,David,test-386@example.com,0638644905,Jeudi 12 mars 9h30-12h,Standard - 5€,67 Rue Pasteur,31500,Toulouse,Payé
Martin,Alice,test-387@example.com,0656113741,Mercredi 11 mars 9h30-11h30,Liste 2000 - 5€,89 Rue des Roses,31170,Tournefeuille,Payé
Dubois,Paul,test-388@example.com,0640728728,Jeudi 12 mars 9h30-12h,Standard - 5€,14 Rue Victor Hugo,31300,Toulouse,Payé
Moreau,Louis,test-389@example.com,0628405182,Jeudi 12 mars 9h30-12h,Liste 1000 - 1€,83 Rue des Roses,31400,Toulouse,Payé
Bertrand,Claire,test-390@example.com,0685603667,Mercredi 11 mars 9h30-11h30,Standard - 5€,57 Rue Victor Hugo,31400,Toulouse,Payé
Robert,Gabrielle,test-391@example.com,0665258766,Jeudi 12 mars 17h-21h,Standard - 5€,12 Rue du Parc,31500,Toulouse,Payé
Thomas,Emma,test-392@example.com,0689131271,Vendredi 13 mars 9h30-12h,Standard - 5€,41 Rue des Roses,31170,Tournefeuille,Payé
Leroy,Hugo,test-393@example.com,0696519508,Mercredi 11 mars 9h30-11h30,Standard - 5€,89 Rue des Lilas,31100,Toulouse,Payé
Petit,Julien,test-394@example.com,0679491111,Jeudi 12 mars 17h-21h,Standard - 5€,38 Rue des Lilas,31170,Tournefeuille,Payé
David,Hugo,test-395@example.com,0661792685,Mercredi 11 mars 9h30-11h30,Standard - 5€,68 Rue des Lilas,31300,Toulouse,Payé
Simon,Louis,test-396@example.com,0627714442,Jeudi 12 mars 9h30-12h,Liste 1000 - 1€,47 Rue des Roses,31170,Tournefeuille,Payé
Dubois,Paul,test-397@example.com,0612240013,Jeudi 12 mars 17h-21h,Standard - 5€,28 Rue des Lilas,31100,Toulouse,Payé
Lefebvre,Bob,test-398@example.com,0677996124,Mercredi 11 mars 20h-22h,Standard - 5€,55 Rue Jean Jaures,31170,Tournefeuille,Payé
Roux,Claire,test-399@example.com,0682162880,Jeudi 12 mars 17h-21h,Standard - 5€,40 Rue du Parc,31300,Toulouse,Payé
Petit,Rachel,test-400@example.com,0630854365,Jeudi 12 mars 17h-21h,Standard - 5€,40 Rue Jean Jaures,31300,Toulouse,Payé
Bernard,Hugo,test-401@example.com,0642813517,Mercredi 11 mars 9h30-11h30,Liste 2000 - 5€,59 Rue des Lilas,31300,Toulouse,Payé
Richard,Julien,test-402@example.com,0626031369,Mercredi 11 mars 9h30-11h30,Liste 1000 - 1€,21 Rue Pasteur,31830,Plaisance du Touch,Payé
Bertrand,Louis,test-403@example.com,0679420474,Vendredi 13 mars 9h30-12h,Standard - 5€,17 Rue de la Gare,31770,Colomiers,Payé
Martin,David,test-404@example.com,0654964418,Jeudi 12 mars 9h30-12h,Standard - 5€,34 Rue du Parc,31300,Toulouse,Payé
Garcia,Paul,test-405@example.com,0678555983,Mercredi 11 mars 20h-22h,Standard - 5€,48 Rue des Roses,31400,Toulouse,Payé
Thomas,Isabelle,test-406@example.com,0687029205,Vendredi 13 mars 9h30-12h,Liste 1000 - 1€,95 Rue des Lilas,31500,Toulouse,Payé
Martin,Bob,test-407@example.com,0642823140,Mercredi 11 mars 9h30-11h30,Standard - 5€,20 Rue des Roses,31170,Tournefeuille,Payé
Roux,Bob,test-408@example.com,0698007006,Jeudi 12 mars 9h30-12h,Standard - 5€,54 Rue Victor Hugo,31500,Toulouse,Payé
Dubois,Isabelle,test-409@example.com,0686710258,Mercredi 11 mars 20h-22h,Standard - 5€,23 Rue du Moulin,31830,Plaisance du Touch,Payé
Bernard,Rachel,test-410@example.com,0663811222,Mercredi 11 mars 9h30-11h30,Liste 1000 - 1€,40 Rue Victor Hugo,31100,Toulouse,Payé
Roux,Claire,test-411@example.com,0671303434,Mercredi 11 mars 9h30-11h30,Standard - 5€,73 Rue de la Gare,31100,Toulouse,Payé
Durand,Valerie,test-412@example.com,0672267186,Mercredi 11 mars 20h-22h,Standard - 5€,99 Rue du Moulin,31600,Muret,Payé
Durand,Stephane,test-413@example.com,0630208677,Mercredi 11 mars 9h30-11h30,Liste 2000 - 5€,30 Rue Victor Hugo,31830,Plaisance du Touch,Payé
Simon,Alice,test-414@example.com,0610196231,Vendredi 13 mars 9h30-12h,Standard - 5€,14 Rue du Moulin,31100,Toulouse,Payé
Durand,Rachel,test-415@example.com,0666346728,Jeudi 12 mars 9h30-12h,Liste 2000 - 5€,92 Rue de la Gare,31400,Toulouse,Payé
Bernard,Claire,test-416@example.com,0641067722,Jeudi 12 mars 17h-21h,Standard - 5€,59 Rue du Parc,31770,Colomiers,Payé
Thomas,Thomas,test-417@example.com,0677837366,Mercredi 11 mars 14h-18h,Standard - 5€,10 Rue des Lilas,31170,Tournefeuille,Payé
Robert,Nicolas,test-418@example.com,0641778964,Mercredi 11 mars 20h-22h,Standard - 5€,51 Rue Victor Hugo,31770,Colomiers,Payé
Garcia,Karine,test-419@example.com,0646501299,Mercredi 11 mars 14h-18h,Standard - 5€,18 Rue du Parc,31500,Toulouse,Payé
Thomas,Emma,test-420@example.com,0632062036,Jeudi 12 mars 9h30-12h,Standard - 5€,16 Rue Victor Hugo,31170,Tournefeuille,Payé
Garcia,Gabrielle,test-421@example.com,0651380361,Jeudi 12 mars 9h30-12h,Standard - 5€,12 Rue des Roses,31300,Toulouse,Payé
Fournier,Julien,test-422@example.com,0615412975,Mercredi 11 mars 14h-18h,Liste 1000 - 1€,19 Rue du Parc,31770,Colomiers,Payé
Laurent,Hugo,test-423@example.com,0663183031,Jeudi 12 mars 17h-21h,Standard - 5€,34 Rue des Roses,31100,Toulouse,Payé
Lefebvre,Alice,test-424@example.com,0670693413,Jeudi 12 mars 17h-21h,Liste 1000 - 1€,13 Rue Pasteur,31500,Toulouse,Payé
Robert,David,test-425@example.com,0626301180,Mercredi 11 mars 9h30-11h30,Standard - 5€,17 Rue du Moulin,31500,Toulouse,Payé
Laurent,Marie,test-426@example.com,0694597104,Vendredi 13 mars 9h30-12h,Standard - 5€,10 Rue des Lilas,31100,Toulouse,Payé
Petit,Claire,test-427@example.com,0696702893,Jeudi 12 mars 9h30-12h,Liste 1000 - 1€,43 Rue du Parc,31300,Toulouse,Payé
Garcia,Bob,test-428@example.com,0616796477,Mercredi 11 mars 14h-18h,Liste 2000 - 5€,93 Rue Jean Jaures,31170,Tournefeuille,Payé
Martin,Paul,test-429@example.com,0661369075,Vendredi 13 mars 9h30-12h,Standard - 5€,28 Rue des Roses,31770,Colomiers,Payé
Leroy,Isabelle,test-430@example.com,0669862640,Mercredi 11 mars 14h-18h,Standard - 5€,83 Rue de la Gare,31500,Toulouse,Payé
Michel,Paul,test-431@example.com,0683912181,Jeudi 12 mars 9h30-12h,Standard - 5€,50 Rue des Roses,31100,Toulouse,Payé
Petit,Nicolas,test-432@example.com,0696255361,Jeudi 12 mars 17h-21h,Standard - 5€,49 Rue Victor Hugo,31830,Plaisance du Touch,Payé
Roux,Paul,test-433@example.com,0675052579,Mercredi 11 mars 20h-22h,Liste 2000 - 5€,50 Rue de la Gare,31770,Colomiers,Payé
Martin,Francois,test-434@example.com,0652799022,Jeudi 12 mars 17h-21h,Standard - 5€,8 Rue Pasteur,31100,Toulouse,Payé
Laurent,Rachel,test-435@example.com,0688381665,Mercredi 11 mars 14h-18h,Liste 2000 - 5€,32 Rue du Moulin,31300,Toulouse,Payé
Roux,Isabelle,test-436@example.com,0617503932,Mercredi 11 mars 14h-18h,Standard - 5€,46 Rue des Roses,31170,Tournefeuille,Payé
Durand,Francois,test-437@example.com,0689526622,Mercredi 11 mars 20h-22h,Liste 1000 - 1€,76 Rue des Lilas,31770,Colomiers,Payé
Vincent,Louis,test-438@example.com,0685645982,Mercredi 11 mars 14h-18h,Standard - 5€,64 Rue de la Gare,31500,Toulouse,Payé
David,Francois,test-439@example.com,0615095407,Mercredi 11 mars 9h30-11h30,Standard - 5€,3 Rue Pasteur,31500,Toulouse,Payé
Simon,Alice,test-440@example.com,0692427773,Mercredi 11 mars 14h-18h,Liste 1000 - 1€,92 Rue des Roses,31770,Colomiers,Payé
Bernard,Karine,test-441@example.com,0612941099,Mercredi 11 mars 14h-18h,Standard - 5€,15 Rue Victor Hugo,31400,Toulouse,Payé
Laurent,Claire,test-442@example.com,0698870866,Jeudi 12 mars 9h30-12h,Standard - 5€,39 Rue Victor Hugo,31770,Colomiers,Payé
Richard,Emma,test-443@example.com,0668635481,Vendredi 13 mars 9h30-12h,Liste 2000 - 5€,23 Rue Victor Hugo,31770,Colomiers,Payé
Vincent,Hugo,test-444@example.com,0633535297,Jeudi 12 mars 9h30-12h,Standard - 5€,17 Rue des Roses,31100,Toulouse,Payé
Vincent,Alice,test-445@example.com,0662559853,Jeudi 12 mars 17h-21h,Standard - 5€,79 Rue du Moulin,31770,Colomiers,Payé
Thomas,Thomas,test-446@example.com,0676596831,Mercredi 11 mars 14h-18h,Standard - 5€,31 Rue Victor Hugo,31300,Toulouse,Payé
Richard,Karine,test-447@example.com,0695387542,Mercredi 11 mars 9h30-11h30,Liste 1000 - 1€,58 Rue des Lilas,31770,Colomiers,Payé
Petit,Isabelle,test-448@example.com,0643492807,Vendredi 13 mars 9h30-12h,Standard - 5€,14 Rue des Lilas,31100,Toulouse,Payé
Lefebvre,Bob,test-449@example.com,0668816911,Vendredi 13 mars 9h30-12h,Standard - 5€,53 Rue Pasteur,31400,Toulouse,Payé
Laurent,Marie,test-450@example.com,0683286096,Jeudi 12 mars 9h30-12h,Standard - 5€,74 Rue du Moulin,31600,Muret,Payé
Garcia,Francois,test-451@example.com,0619893106,Mercredi 11 mars 9h30-11h30,Standard - 5€,34 Rue du Parc,31770,Colomiers,Payé
Simon,Claire,test-452@example.com,0632831133,Jeudi 12 mars 9h30-12h,Standard - 5€,71 Rue du Parc,31300,Toulouse,Payé
Fournier,Karine,test-453@example.com,0692362000,Jeudi 12 mars 9h30-12h,Liste 1000 - 1€,84 Rue des Roses,31170,Tournefeuille,Payé
Michel,Valerie,test-454@example.com,0631086112,Mercredi 11 mars 9h30-11h30,Standard - 5€,25 Rue Jean Jaures,31500,Toulouse,Payé
Roux,Stephane,test-455@example.com,0645603234,Vendredi 13 mars 9h30-12h,Standard - 5€,13 Rue des Lilas,31500,Toulouse,Payé
Vincent,Marie,test-456@example.com,0683774469,Jeudi 12 mars 9h30-12h,Standard - 5€,1 Rue Jean Jaures,31770,Colomiers,Payé
Moreau,Claire,test-457@example.com,0698854850,Vendredi 13 mars 9h30-12h,Standard - 5€,13 Rue des Lilas,31500,Toulouse,Payé
Richard,Gabrielle,test-458@example.com,0695656500,Mercredi 11 mars 20h-22h,Liste 2000 - 5€,15 Rue de la Gare,31600,Muret,Payé
David,Marie,test-459@example.com,0675645462,Vendredi 13 mars 9h30-12h,Standard - 5€,24 Rue Victor Hugo,31170,Tournefeuille,Payé
Laurent,Marie,test-460@example.com,0635042738,Jeudi 12 mars 9h30-12h,Standard - 5€,60 Rue de la Gare,31600,Muret,Payé
Leroy,Hugo,test-461@example.com,0685731895,Mercredi 11 mars 9h30-11h30,Standard - 5€,11 Rue Victor Hugo,31300,Toulouse,Payé
Michel,Stephane,test-462@example.com,0689151743,Mercredi 11 mars 14h-18h,Standard - 5€,67 Rue Jean Jaures,31170,Tournefeuille,Payé
David,Stephane,test-463@example.com,0686868410,Mercredi 11 mars 14h-18h,Standard - 5€,51 Rue des Lilas,31300,Toulouse,Payé
Vincent,Rachel,test-464@example.com,0679366056,Jeudi 12 mars 17h-21h,Standard - 5€,16 Rue Pasteur,31400,Toulouse,Payé
Richard,Francois,test-465@example.com,0638439415,Mercredi 11 mars 14h-18h,Standard - 5€,11 Rue Jean Jaures,31170,Tournefeuille,Payé
Robert,Gabrielle,test-466@example.com,0689865944,Mercredi 11 mars 20h-22h,Standard - 5€,12 Rue Jean Jaures,31300,Toulouse,Payé
Lefebvre,Stephane,test-467@example.com,0684095459,Mercredi 11 mars 20h-22h,Liste 1000 - 1€,2 Rue Jean Jaures,31600,Muret,Payé
Michel,David,test-468@example.com,0630084652,Mercredi 11 mars 14h-18h,Standard - 5€,14 Rue du Parc,31300,Toulouse,Payé
Roux,Julien,test-469@example.com,0656153339,Jeudi 12 mars 9h30-12h,Standard - 5€,74 Rue Pasteur,31600,Muret,Payé
Richard,Bob,test-470@example.com,0646965460,Jeudi 12 mars 9h30-12h,Standard - 5€,5 Rue Jean Jaures,31170,Tournefeuille,Payé
Durand,Karine,test-471@example.com,0616615722,Vendredi 13 mars 9h30-12h,Standard - 5€,48 Rue des Lilas,31100,Toulouse,Payé
Moreau,Karine,test-472@example.com,0651734908,Mercredi 11 mars 20h-22h,Liste 1000 - 1€,30 Rue des Roses,31300,Toulouse,Payé
Garcia,Julien,test-473@example.com,0653066216,Mercredi 11 mars 20h-22h,Liste 1000 - 1€,25 Rue Pasteur,31300,Toulouse,Payé
Michel,Gabrielle,test-474@example.com,0675023164,Jeudi 12 mars 17h-21h,Liste 1000 - 1€,66 Rue des Roses,31830,Plaisance du Touch,Payé
Moreau,Claire,test-475@example.com,0678020910,Jeudi 12 mars 9h30-12h,Standard - 5€,23 Rue du Moulin,31830,Plaisance du Touch,Payé
Bernard,Gabrielle,test-476@example.com,0643486016,Mercredi 11 mars 9h30-11h30,Standard - 5€,91 Rue du Moulin,31770,Colomiers,Payé
Laurent,Isabelle,test-477@example.com,0672306347,Jeudi 12 mars 17h-21h,Standard - 5€,88 Rue des Lilas,31300,Toulouse,Payé
Laurent,Hugo,test-478@example.com,0675603845,Jeudi 12 mars 17h-21h,Standard - 5€,76 Rue Victor Hugo,31600,Muret,Payé
Richard,Louis,test-479@example.com,0644716747,Vendredi 13 mars 9h30-12h,Liste 1000 - 1€,37 Rue des Lilas,31300,Toulouse,Payé
Bernard,Marie,test-480@example.com,0631865061,Jeudi 12 mars 17h-21h,Liste 1000 - 1€,29 Rue du Moulin,31500,Toulouse,Payé
Leroy,Gabrielle,test-481@example.com,0697454571,Jeudi 12 mars 9h30-12h,Standard - 5€,61 Rue des Roses,31830,Plaisance du Touch,Payé
Fournier,Francois,test-482@example.com,0611135982,Mercredi 11 mars 14h-18h,Standard - 5€,92 Rue de la Gare,31100,Toulouse,Payé
Lefebvre,Nicolas,test-483@example.com,0656802956,Jeudi 12 mars 9h30-12h,Standard - 5€,39 Rue Jean Jaures,31600,Muret,Payé
Thomas,Thomas,test-484@example.com,0610986174,Jeudi 12 mars 17h-21h,Liste 2000 - 5€,72 Rue de la Gare,31770,Colomiers,Payé
Thomas,Julien,test-485@example.com,0674657836,Mercredi 11 mars 9h30-11h30,Standard - 5€,82 Rue Victor Hugo,31100,Toulouse,Payé
Leroy,Isabelle,test-486@example.com,0698062882,Vendredi 13 mars 9h30-12h,Liste 2000 - 5€,25 Rue des Roses,31100,Toulouse,Payé
Durand,Rachel,test-487@example.com,0617620167,Jeudi 12 mars 17h-21h,Standard - 5€,88 Rue des Roses,31770,Colomiers,Payé
David,Alice,test-488@example.com,0649675382,Mercredi 11 mars 20h-22h,Liste 2000 - 5€,50 Rue des Lilas,31170,Tournefeuille,Payé
Vincent,Thomas,test-489@example.com,0635489981,Mercredi 11 mars 20h-22h,Liste 1000 - 1€,88 Rue Pasteur,31500,Toulouse,Payé
Bertrand,Louis,test-490@example.com,0650291467,Mercredi 11 mars 14h-18h,Liste 1000 - 1€,38 Rue du Parc,31400,Toulouse,Payé
Robert,Paul,test-491@example.com,0644715663,Vendredi 13 mars 9h30-12h,Liste 1000 - 1€,88 Rue Victor Hugo,31400,Toulouse,Payé
Durand,Claire,test-492@example.com,0657685330,Mercredi 11 mars 14h-18h,Liste 1000 - 1€,54 Rue Victor Hugo,31100,Toulouse,Payé
Leroy,Louis,test-493@example.com,0688593968,Mercredi 11 mars 20h-22h,Standard - 5€,61 Rue des Lilas,31300,Toulouse,Payé
Vincent,Thomas,test-494@example.com,0693302863,Mercredi 11 mars 9h30-11h30,Standard - 5€,65 Rue du Parc,31500,Toulouse,Payé
Bertrand,Marie,test-495@example.com,0650044631,Jeudi 12 mars 9h30-12h,Standard - 5€,18 Rue du Moulin,31400,Toulouse,Payé
Michel,Karine,test-496@example.com,0686424055,Jeudi 12 mars 9h30-12h,Standard - 5€,11 Rue Pasteur,31400,Toulouse,Payé
Richard,Karine,test-497@example.com,0652065724,Vendredi 13 mars 9h30-12h,Standard - 5€,36 Rue du Moulin,31600,Muret,Payé
Vincent,Francois,test-498@example.com,0631264801,Jeudi 12 mars 9h30-12h,Liste 1000 - 1€,17 Rue Jean Jaures,31300,Toulouse,Payé
Lefebvre,Nicolas,test-499@example.com,0667582820,Jeudi 12 mars 9h30-12h,Standard - 5€,69 Rue du Moulin,31830,Plaisance du Touch,Payé
Martin,Louis,test-500@example.com,0653246714,Jeudi 12 mars 17h-21h,Standard - 5€,81 Rue du Moulin,31830,Plaisance du Touch,Payé
